{"camera_matrix": [[1347.76259273850 , 0 , 980.064627751795],[0 , 1346.75069231133 , 566.103153241137],[0 , 0 , 1]], "distortion_coefficients": [[0.0655975159002847 , -0.129478278252060,0,0,0]]}